rank_by_reach,private_domain,reach,visits,duration
1,google.com,1080,986722,26427155
2,facebook.com,886,449173,20624717
3,amazon.com,827,126255,6082713
4,youtube.com,766,232829,16165232
5,yahoo.com,570,245982,9296529
6,paypal.com,541,27712,699890
7,walmart.com,518,27437,1212032
8,bing.com,461,235769,5460544
9,wikipedia.org,456,27017,1357832
10,instagram.com,455,48674,1296894
11,twitter.com,440,111465,4006633
12,microsoft.com,439,25826,1496866
13,ebay.com,379,30478,1258716
14,linkedin.com,362,19346,502806
15,msn.com,340,39157,1035826
16,reddit.com,323,61109,2661515
17,google.co.uk,313,18307,612576
18,imdb.com,312,7513,299290
19,usps.com,309,9732,378178
20,live.com,288,79960,3819164
21,quora.com,261,10575,1147280
22,capitalone.com,242,9855,311092
23,alchemer.com,240,6742,361904
24,clarity.ms,220,34935,329264
25,homedepot.com,217,2999,153494
26,tiktok.com,216,9980,205160
27,target.com,214,5865,280372
28,office.com,213,17684,799884
29,pinterest.com,212,7132,371378
30,apple.com,207,2564,129832
31,cnn.com,207,4413,303352
32,nytimes.com,202,5993,494870
33,etsy.com,199,13485,426706
34,ups.com,196,3238,97058
35,weather.com,194,3786,208662
36,chase.com,191,13809,594664
37,indeed.com,186,11908,407202
38,rakuten.com,185,11539,174228
39,confirmit.com,177,2348,82236
40,netflix.com,177,7031,2361949
41,samplicio.us,177,26155,304071
42,surveymonkey.com,163,1523,42858
43,googleoptimize.com,162,5867,26086
44,yelp.com,160,2325,73164
45,attn.tv,157,2170,14142
46,capitaloneshopping.com,154,23356,394526
47,imtwjwoasak.com,154,3869,64236
48,pornhub.com,153,7814,663924
49,chewy.com,152,2733,111168
50,zillow.com,151,19005,488846
51,tumblr.com,148,4177,119208
52,medallia.com,147,813,17669
53,msftstatic.com,147,16528,187846
54,washingtonpost.com,147,8022,327098
55,hulu.com,146,10893,2947468
56,wikimedia.org,145,2042,43608
57,force.com,144,2058,56100
58,recaptcha.net,144,3092,37848
59,dynata.com,143,22128,314739
60,cmix.com,142,2008,169492
61,adobe.com,139,2448,83286
62,cvs.com,136,3419,120756
63,nielseniq.com,136,9384,272270
64,nextdoor.com,133,5128,219974
65,att.com,132,4894,113108
66,focusvision.com,130,4307,48658
67,researchresults.com,129,9649,101306
68,nielsen.com,128,1654,29045
69,mypoints.com,127,18857,313666
70,npr.org,127,922,57420
71,kohls.com,124,2717,114188
72,resetdigital.co,123,4019,40256
73,hp.com,122,1243,52624
74,emi-rs.com,121,1007,18276
75,samsclub.com,120,2825,100318
76,xfinity.com,120,10064,1287312
77,craigslist.org,115,7219,379426
78,spotify.com,115,2417,86656
79,smrtb.com,114,693,7438
80,xvideos.com,114,9372,1129344
81,civicscience.com,111,7433,85600
82,discover.com,111,2529,89766
83,tripadvisor.com,111,1036,33620
84,allrecipes.com,110,1564,55682
85,yieldlift.com,110,9114,69282
86,mmi360.net,108,3134,34730
87,blogspot.com,107,1818,97024
88,iq-dist-2.com,107,1330,78358
89,vidazoo.com,106,8726,116268
90,verizon.com,105,1839,69938
91,espn.com,104,6722,694342
92,webpkgcache.com,104,614,6226
93,experian.com,102,2177,98486
94,discord.com,100,23271,2601881
95,dropbox.com,99,1806,69352
96,foxnews.com,98,3488,99446
97,bankofamerica.com,97,5669,196518
98,qvc.com,96,991,28994
99,xnxx.com,95,6549,745554
100,aaxdetect.com,94,688,2630
101,chaturbate.com,93,2802,83098
102,jdpoweronline.com,92,343,12781
103,macys.com,92,2072,115494
104,axonix.com,90,943,12114
105,tolunastart.com,89,2239,154808
106,aol.com,88,47281,1511473
107,forbes.com,87,591,25378
108,cbsnews.com,86,865,42586
109,mayoclinic.org,84,333,16116
110,people.com,84,618,61436
111,videobyte.com,84,835,83510
112,productreportcard.com,83,3369,113366
113,citi.com,82,3946,155638
114,huffpost.com,82,1065,44932
115,adlightning.com,81,876,9408
116,e-planning.net,81,3840,62594
117,ancestry.com,80,2552,103344
118,browser-intake-datadoghq.com,79,2093,53024
119,goodreads.com,79,3539,116168
120,krushmedia.com,79,501,3510
121,cloudresearch.com,78,651,26606
122,adidas.com,77,783,17266
123,cdc.gov,77,547,24502
124,irs.gov,77,1070,52878
125,typeform.com,77,338,9576
126,viewpointforum.com,76,3175,41524
127,medium.com,75,304,24000
128,okta.com,74,1051,9514
129,xhamster.com,74,3604,388600
130,foodnetwork.com,73,1047,30350
131,gfk.com,73,629,22559
132,gofundme.com,72,839,26070
133,activemeasure.com,71,3643,121424
134,dominos.com,71,1033,66652
135,vcdelivery.com,71,475,14308
136,bizrate.com,70,246,4214
137,shein.com,70,1995,166250
138,joinhoney.com,69,743,67548
139,kroger.com,69,2022,122840
140,surveys.com,69,180,2549
141,dailymotion.com,68,577,12720
142,messenger.com,68,3354,309050
143,expedia.com,67,1102,46254
144,hsn.com,67,509,18620
145,mapquest.com,67,819,17758
146,ncponline.com,67,1577,38038
147,salesforce.com,67,680,7364
148,saysoforgood.com,67,798,24159
149,soundcast.fm,67,206,3154
150,sportradarserving.com,67,257,2152
151,ipsosisay.com,66,1598,81404
152,itrafficcenter.com,66,2012,46978
153,stripchat.com,66,937,32888
154,blogger.com,65,1369,32222
155,forter.com,65,571,2050
156,jcpenney.com,65,1464,40696
157,lifepointspanel.com,65,4002,393151
158,mandrillapp.com,65,376,2124
159,reuters.com,65,573,40692
160,spot.im,65,2866,21848
161,uidapi.com,65,330,2232
162,zergnet.com,65,1419,16232
163,latimes.com,64,280,11290
164,mysoapbox.com,64,573,5736
165,research.net,64,306,11750
166,wellsfargo.com,64,6782,107100
167,d41.co,63,630,7220
168,duckduckgo.com,63,8966,242440
169,giphy.com,63,771,12254
170,onprospects.com,63,224,4374
171,mcafee.com,62,817,40510
172,mintvine.com,62,4124,108217
173,retailmenot.com,62,732,10412
174,vipvoice.com,62,795,26598
175,evergage.com,61,479,5216
176,lockerdome.com,61,1198,8064
177,mgid.net,61,616,12988
178,narvar.com,61,560,12348
179,zamplia.com,61,1005,26462
180,citibankonline.com,60,971,84360
181,actblue.com,59,1509,30736
182,politico.com,59,505,16916
183,sharepoint.com,59,1057,36699
184,msisurvey.com,58,668,11499
185,legacy.com,57,596,17064
186,sunbasket.com,57,273,5492
187,thirdparty.com,57,184,1918
188,arkoselabs.com,56,537,4436
189,github.com,56,956,25716
190,quicksurveys.com,56,205,6798
191,scanvig.com,56,1633,16018
192,voxco.com,56,358,11670
193,wsj.com,56,1054,27274
194,att.net,55,1156,7418
195,cspace.com,55,2273,113756
196,getpublica.com,55,436,6506
197,xbox.com,55,558,18810
198,bbb.org,54,222,9062
199,ign.com,54,421,26034
200,upgrade.com,54,529,17140
201,wisesample.com,54,1041,26924
202,connatix.com,53,329,5986
203,doceree.com,53,2926,27856
204,oraclecloud.com,53,468,4498
205,twitch.tv,53,5234,515910
206,zappi.io,53,549,32660
207,blueapron.com,52,339,9672
208,steamcommunity.com,52,1285,53236
209,airbnb.com,51,2802,100110
210,aliexpress.com,51,1769,52500
211,chime.com,51,630,27322
212,onetrust.com,51,332,2478
213,aniview.com,50,149,1803
214,bliink.io,50,136,1004
215,classmates.com,50,832,24788
216,ezodn.com,50,489,4100
217,gmail.com,50,1132,5762
218,virtualrewardcenter.com,50,253,5874
219,cbssports.com,49,6199,43528
220,kargo.com,49,535,6690
221,genius.com,48,1012,38320
222,hellofresh.com,48,304,13894
223,pollfish.com,48,348,10023
224,va.gov,48,1676,83320
225,webcontentassessor.com,48,928,4974
226,yahoosandbox.com,48,726,4054
227,blackcrow.ai,47,622,2976
228,ca.gov,47,818,45984
229,creditsesame.com,47,1025,34260
230,livejasmin.com,47,881,13296
231,stackexchange.com,47,198,6228
232,bestlifeonline.com,46,187,8796
233,blueconic.net,46,418,1970
234,booking.com,46,1150,38890
235,bustle.com,46,176,5654
236,onlyfans.com,46,5805,190272
237,piano.io,46,1771,26504
238,schwab.com,46,482,16774
239,talent.com,46,576,9616
240,usablenet.com,46,274,1758
241,varomoney.com,46,2091,35474
242,dell.com,45,5541,245362
243,gerberlife.com,45,197,3334
244,maruhub.com,45,704,33209
245,osano.com,45,197,4824
246,patreon.com,45,689,22124
247,plarium.com,45,167,2450
248,samplecounts.com,45,184,1622
249,shareasale.com,45,124,1698
250,usda.gov,45,303,11330
251,wix.com,45,591,21976
252,cbsi.com,44,3348,26172
253,giantfreakinrobot.com,44,138,4592
254,hellogenie.com,44,231,2432
255,jobcase.com,44,700,17714
256,ny.gov,44,1029,53388
257,perksplus.com,44,563,9528
258,smarterconsumer.net,44,1157,16674
259,springboardamerica.com,44,830,15635
260,thesavvysampler.com,44,729,30734
261,viator.com,44,442,9546
262,aggle.net,43,695,5760
263,coupons.com,43,597,16326
264,dblks.net,43,353,2058
265,drugs.com,43,282,20600
266,factor75.com,43,245,6826
267,food.com,43,518,18994
268,iheart.com,43,5128,80372
269,michaels.com,43,900,53532
270,mobfox.com,43,116,1366
271,patch.com,43,547,18262
272,starbucks.com,43,272,8038
273,tmz.com,43,484,69790
274,triggeredmail.appspot.com,43,217,1414
275,w-mt.co,43,279,1590
276,dynatrace.com,42,922,15794
277,harborfreight.com,42,380,24770
278,hpconnected.com,42,1052,20870
279,mercari.com,42,1336,24956
280,pbs.org,42,394,55392
281,pggoodeveryday.com,42,417,15080
282,comenity.net,41,787,39568
283,epollsurveys.com,41,972,14593
284,opera.com,41,757,38480
285,pusherapp.com,41,1209,7866
286,a-mo.net,40,283,3038
287,adp.com,40,977,284176
288,bonvoyaged.com,40,751,17044
289,boredpanda.com,40,653,101146
290,bqstreamer.com,40,1453,10654
291,catapultx.com,40,1300,10620
292,fidelity.com,40,975,26462
293,id.me,40,414,15654
294,independent.co.uk,40,116,3828
295,lendingtree.com,40,341,11728
296,myopinionnow.com,40,245,10048
297,nfieldmr.com,40,875,22092
298,pagesix.com,40,344,24006
299,schlesingergroup.com,40,581,30934
300,theverge.com,40,108,6074
301,usa.gov,40,170,4392
302,wpengine.com,40,156,2476
303,ew.com,39,192,11360
304,skype.com,39,711,11920
305,tubitv.com,39,2273,172988
306,acehardware.com,38,264,7870
307,auth0.com,38,181,8316
308,ea.com,38,1363,19620
309,everyplate.com,38,146,4422
310,ex.co,38,1822,24404
311,pnc.com,38,1474,39654
312,polarcdn-engine.com,38,442,3124
313,polarcdn-terrax.com,38,262,1544
314,profitwell.com,38,211,810
315,revenueuniverse.com,38,3050,22502
316,rottentomatoes.com,38,505,26390
317,southernliving.com,38,626,14680
318,uhc.com,38,1777,62264
319,your-surveys.com,38,605,7882
320,aaa.com,37,649,39378
321,beenverified.com,37,199,8568
322,clicktripz.com,37,443,5450
323,comicbook.com,37,184,7918
324,gamespot.com,37,191,8790
325,gongos.com,37,561,11184
326,jobs2careers.com,37,316,4166
327,newegg.com,37,598,16138
328,pm-serv.co,37,160,2462
329,priceline.com,37,808,41204
330,proper.io,37,373,1170
331,squareup.com,37,603,31550
332,zeronaught.com,37,444,4892
333,drift.com,36,332,4812
334,gobankingrates.com,36,212,8384
335,metrobyt-mobile.com,36,405,21896
336,morpace.com,36,216,5453
337,pmsrv.co,36,134,2356
338,snopes.com,36,173,8460
339,barclaycardus.com,35,928,30532
340,brandinvitation.com,35,114,2565
341,escalentsurvey.co,35,125,776
342,gcprivacy.com,35,120,930
343,jotform.com,35,192,3654
344,justanswer.com,35,201,5874
345,looper.com,35,95,7064
346,outlook.com,35,456,2022
347,progressive.com,35,375,11332
348,stamped.io,35,196,2208
349,algolia.net,34,210,2044
350,bhg.com,34,841,31764
351,gleam.io,34,1885,34532
352,nexstardigital.net,34,273,736
353,nike.com,34,566,28548
354,nuance.com,34,446,7836
355,petsmart.com,34,511,22102
356,sephora.com,34,384,12896
357,sofi.com,34,848,24766
358,speedtest.net,34,234,10754
359,stash.com,34,259,29826
360,thespruceeats.com,34,174,6862
361,trinitymedia.ai,34,598,8730
362,amxrtb.com,33,168,1726
363,ciqtracking.com,33,370,3820
364,fox.com,33,339,2806
365,foxbusiness.com,33,249,5226
366,harvard.edu,33,610,115976
367,hgtv.com,33,771,11358
368,mountain.com,33,215,4644
369,mypettalk.com,33,205,3126
370,nationalgeographic.com,33,182,5290
371,nicequest.com,33,279,7898
372,powerad.ai,33,343,3038
373,slickdeals.net,33,998,16654
374,stripe.com,33,197,15758
375,texas.gov,33,288,10504
376,wurfl.io,33,620,8484
377,zillowstatic.com,33,990,12140
378,acemlnc.com,32,168,720
379,autozone.com,32,460,21736
380,cardinalcommerce.com,32,212,2220
381,deduce.com,32,180,1476
382,financebuzz.com,32,179,8340
383,kbb.com,32,425,14514
384,login.gov,32,386,13492
385,marketwatch.com,32,346,10253
386,pcmag.com,32,193,13322
387,si.com,32,296,13400
388,sophi.io,32,499,3412
389,thespruce.com,32,86,10508
390,usaa.com,32,932,30438
391,breadfinancial.com,31,142,1902
392,geico.com,31,602,24066
393,ipsos.com,31,136,3600
394,panelpulse.com,31,259,6443
395,pastchronicles.com,31,193,10044
396,precisionsample.com,31,91,189
397,qmee.com,31,2185,274502
398,quantilope.com,31,157,7566
399,rewardlink.com,31,140,232
400,whatsapp.com,31,3173,211932
401,1800petmeds.com,30,472,9016
402,amcsurveys.com,30,1870,17034
403,deviantart.com,30,3128,111664
404,firstdata.com,30,478,15394
405,freesamplesprousa.com,30,301,7360
406,freshchat.com,30,193,2018
407,investing.com,30,839,19512
408,iris.tv,30,323,3034
409,medocdn.com,30,116,1336
410,recombee.com,30,287,2544
411,revjet.com,30,74,428
412,rewardlink.io,30,256,4436
413,shutterstock.com,30,117,1932
414,tryproducts.com,30,413,7010
415,bzzagent.com,29,589,20148
416,deliveryapis.com,29,154,910
417,dictionary.com,29,195,7842
418,midserved.com,29,164,1192
419,optum.com,29,495,4720
420,sweepstakesalerts.com,29,194,8966
421,toasttab.com,29,287,22804
422,youporn.com,29,926,114708
423,acsbap.com,28,140,1448
424,cosmopolitan.com,28,68,3756
425,globalsiteanalytics.com,28,249,3302
426,history.com,28,174,7674
427,lsdm.co,28,331,694
428,nordstrom.com,28,1343,35210
429,paymentus.com,28,182,5652
430,redbubble.com,28,177,4578
431,theamericansurvey.com,28,399,10336
432,trulia.com,28,995,29394
433,truthfinder.com,28,124,4784
434,vudu.com,28,423,9074
435,yotpo.com,28,161,1290
436,adgaterewards.com,27,330,3692
437,alibaba.com,27,373,4968
438,ally.com,27,847,48416
439,arcpublishing.com,27,243,3170
440,bbc.co.uk,27,146,5066
441,delta.com,27,425,13744
442,equifax.com,27,542,20382
443,fastly-insights.com,27,1050,4230
444,gamerant.com,27,90,11100
445,jeeng.com,27,642,5944
446,medicinenet.com,27,87,2886
447,ngpvan.com,27,509,7590
448,powerinboxedge.com,27,288,2682
449,report-uri.com,27,253,2320
450,rewardsgiantusa.com,27,281,2158
451,topclassactions.com,27,396,26194
452,acop.com,26,252,4066
453,bobvila.com,26,85,4836
454,boxed.com,26,248,9762
455,capitalone360.com,26,96,298
456,cnstrc.com,26,228,1444
457,constantcontact.com,26,139,3390
458,covid.gov,26,75,894
459,dailykos.com,26,1126,41354
460,dollartree.com,26,324,10188
461,epsilon.com,26,292,5434
462,flashrewards.co,26,83,3726
463,flickr.com,26,477,16834
464,flipp.com,26,771,8136
465,getadcdn.com,26,102,514
466,getrockerbox.com,26,150,1170
467,inc.com,26,67,4192
468,informationvine.com,26,140,3060
469,mailchi.mp,26,100,5808
470,marthastewart.com,26,230,7318
471,moneywise.com,26,261,8932
472,nj.com,26,178,17462
473,pdffiller.com,26,216,7084
474,polarcdn-pentos.com,26,193,1974
475,tvadsync.com,26,222,1634
476,whapps.com,26,150,2918
477,wurflcloud.com,26,1416,5722
478,yummly.com,26,122,3300
479,afterpay.com,25,195,3052
480,amtrack213.com,25,125,536
481,calendly.com,25,259,6476
482,cornell.edu,25,6637,534152
483,datassential.com,25,538,38782
484,decisionvelocity.com,25,586,14479
485,findagrave.com,25,735,18694
486,healthgrades.com,25,125,4666
487,healthnwell.com,25,120,1762
488,ibb.co,25,230,6856
489,jibunu.com,25,133,4792
490,listrak.com,25,123,570
491,nba.com,25,232,8676
492,openfpcdn.io,25,126,2622
493,panelpolls.com,25,169,9416
494,pixlee.com,25,97,1248
495,regmovies.com,25,287,8548
496,senate.gov,25,110,4210
497,slashfilm.com,25,85,6038
498,starbuckssummergame.com,25,909,33370
499,statefarm.com,25,578,15770
500,steadfastseat.com,25,525,2064
501,trib.al,25,128,206
502,trustwave.com,25,132,1076
503,worldlifestyle.com,25,358,27676
504,cargurus.com,24,344,18882
505,clinch.co,24,173,3532
506,comcast.net,24,460,17610
507,famousfootwear.com,24,480,14674
508,heraldweekly.com,24,341,8738
509,hilton.com,24,635,23600
510,hubspot.com,24,75,6902
511,jcontentcdn.com,24,122,988
512,jerkmate.com,24,131,3088
513,mediaite.com,24,126,8988
514,medicare.gov,24,431,15928
515,myfinance.com,24,125,464
516,nbcuni.com,24,199,1782
517,newsmemory.com,24,5009,181190
518,nodserving.com,24,147,1100
519,pa.gov,24,505,14968
520,questionpro.eu,24,1886,43792
521,roblox.com,24,7286,65793
522,safeservingcdn.com,24,136,1058
523,srvmath.com,24,189,2124
524,surveymonkey.co.uk,24,349,12126
525,timeanddate.com,24,191,5670
526,townhall.com,24,1942,15968
527,united.com,24,648,37330
528,verizonwireless.com,24,181,3980
529,vzw.com,24,221,3240
530,wootric.com,24,511,4560
531,zoho.com,24,15246,329232
532,asapp.com,23,539,4526
533,bttn.io,23,158,686
534,consumerreports.org,23,206,5525
535,esquire.com,23,232,21602
536,filepicker.io,23,91,1298
537,homeadvisor.com,23,162,3816
538,htlbid.com,23,392,1170
539,interceptsurveys.com,23,28,487
540,ispot.tv,23,138,552
541,kaiserpermanente.org,23,890,35222
542,knowyourmeme.com,23,104,5038
543,metropcs.mobi,23,206,3420
544,myjobscorner.com,23,286,3586
545,nps.gov,23,421,12408
546,popsugar.com,23,109,5194
547,reebok.com,23,108,1148
548,rtb123.com,23,60,184
549,safelinkwireless.com,23,312,13410
550,smartasset.com,23,94,2018
551,smarterhq.io,23,402,2822
552,soundcloud.com,23,538,104200
553,spankbang.com,23,952,34914
554,startacareertoday.com,23,197,3120
555,truist.com,23,1026,24762
556,acemlnb.com,22,206,662
557,annocdn.com,22,114,930
558,boostmobile.com,22,416,22768
559,catalyseresearch.com,22,129,3298
560,coursera.org,22,1385,47566
561,dojomojo.com,22,183,4564
562,dreamstime.com,22,68,954
563,foodandwine.com,22,408,17896
564,geoip-js.com,22,185,1010
565,greenhouse.io,22,266,3918
566,guard.io,22,129,8160
567,hobbylobby.com,22,311,9968
568,huggingface.co,22,314,25200
569,ipqualityscore.com,22,177,1574
570,moengage.com,22,201,1988
571,ncaudienceexchange.com,22,93,732
572,newyorker.com,22,306,21698
573,nvidia.com,22,395,10482
574,playstation.com,22,376,8916
575,quizlet.com,22,657,17244
576,rd.com,22,388,8862
577,simplyrecipes.com,22,65,3560
578,slickstream.com,22,327,2720
579,snigelweb.com,22,756,56596
580,sspinc.io,22,156,2594
581,westernjournal.com,22,1485,48648
582,worldpopulationreview.com,22,74,3172
583,adobelogin.com,21,103,1626
584,aetna.com,21,700,46220
585,amtrak.com,21,225,8750
586,audiencerun.com,21,58,572
587,bissell.com,21,85,1878
588,brandlock.io,21,331,3626
589,careerbuilder.com,21,185,5172
590,clearbitjs.com,21,104,1260
591,e-rewards.com,21,764,16961
592,googlesyndication-cn.com,21,168,1562
593,groupondata.com,21,236,1892
594,harpersbazaar.com,21,97,5826
595,hbwrapper.com,21,348,2656
596,hometesterclub.com,21,523,21942
597,imperium.com,21,118,2054
598,jobhat.com,21,91,1340
599,mastercardcirclesofinfluence.com,21,143,3904
600,pstmrk.it,21,52,546
601,recollective.com,21,1500,99974
602,remixd.com,21,201,3252
603,signalr.net,21,242,9598
604,tctm.co,21,162,2142
605,tenor.co,21,64,1254
606,wegotthiscovered.com,21,70,2326
607,wellsfargomedia.com,21,1049,6712
608,zeeto.io,21,70,638
609,affordableconnectivity.gov,20,112,2242
610,americascardroom.eu,20,179,7296
611,apartmenttherapy.com,20,123,3942
612,avast.com,20,553,14918
613,befrugal.com,20,449,9296
614,bleacherreport.com,20,336,16770
615,bookbub.com,20,313,8342
616,caremark.com,20,181,5374
617,codeblackbelt.com,20,130,588
618,collider.com,20,68,8898
619,convertkit-mail.com,20,232,2170
620,dailygoodiebox.com,20,276,8208
621,eprize.com,20,758,11958
622,fbinternettrackingsettlement.com,20,88,5634
623,gardeningknowhow.com,20,58,1998
624,glance.net,20,448,7314
625,harrispollonline.com,20,79,1783
626,hcaptcha.com,20,88,1206
627,hubapi.com,20,85,1493
628,hyros.com,20,96,494
629,inside-graph.com,20,276,4234
630,issuu.com,20,248,15428
631,jsapicdn.com,20,141,992
632,klaviyo.com,20,98,212
633,listrakbi.com,20,201,1060
634,marca.com,20,51,1724
635,microsoftcasualgames.com,20,137,4014
636,nasa.gov,20,106,9600
637,nature.com,20,66,2354
638,oneclickfeed.com,20,380,33150
639,pandora.com,20,1424,26580
640,picclick.com,20,113,3572
641,ptcfc.com,20,473,7398
642,queryly.com,20,126,388
643,secureservercdn.net,20,60,908
644,shoplocal.com,20,249,4438
645,sightx.io,20,115,5160
646,springboardamericarewards.com,20,167,3718
647,thoughtco.com,20,46,3554
648,thriftbooks.com,20,1014,13548
649,travelchannel.com,20,922,16960
650,treatspot.com,20,239,5740
651,zulily.com,20,2807,92540
652,bandcamp.com,19,375,10276
653,bk.com,19,96,3192
654,centurylink.com,19,280,8558
655,chicoryapp.com,19,201,1234
656,choicehotels.com,19,439,19440
657,cloudflareinsights.com,19,256,2942
658,coveo.com,19,165,1772
659,crunchyroll.com,19,731,26166
660,disqo.com,19,556,2336
661,feedblitz.com,19,291,1608
662,findlaw.com,19,83,2510
663,goacoustic.com,19,191,586
664,havasedge.com,19,174,1062
665,heb.com,19,755,31208
666,itch.io,19,272,4818
667,lnk.to,19,59,1560
668,mashed.com,19,54,3002
669,myfreecams.com,19,2565,85356
670,myjobhelper.com,19,474,7114
671,offerup.com,19,726,32254
672,polaris.me,19,127,1104
673,powerofferz.com,19,371,30374
674,saambaa.com,19,201,1676
675,salemove.com,19,710,12338
676,sees.com,19,79,1214
677,supremecourt.gov,19,142,6918
678,theconversation.com,19,114,7146
679,trustev.com,19,48,438
680,vergic.com,19,694,26316
681,vidora.com,19,664,1356
682,vrbo.com,19,378,25192
683,weather.gov,19,857,15896
684,zazzle.com,19,116,4738
685,zoominfo.com,19,118,3624
686,archiveofourown.org,18,2572,502057
687,audacy.com,18,161,4162
688,careerboutique.com,18,102,2216
689,carfax.com,18,194,11430
690,carvana.com,18,219,18564
691,ccleaner.com,18,252,7174
692,chegg.com,18,767,7680
693,cleveland.com,18,67,4106
694,contentexchange.me,18,38,462
695,culturess.com,18,355,20102
696,cybersource.com,18,54,568
697,dotdata.nl,18,325,8582
698,ecorebates.com,18,91,898
699,evolv.ai,18,160,420
700,fieldwork.com,18,185,10416
701,gog.com,18,827,26750
702,hhs.gov,18,42,1276
703,honeygain.com,18,2885,53194
704,hopkinsmedicine.org,18,56,3058
705,influenster.com,18,216,16296
706,justia.com,18,60,2152
707,lensa.com,18,111,4510
708,lifehacker.com,18,117,8084
709,lindtusa.com,18,79,1154
710,marcus.com,18,271,10448
711,medtargetsystem.com,18,81,1764
712,melissaanddoug.com,18,60,1400
713,menswearhouse.com,18,38,340
714,mintmobile.com,18,158,3808
715,oregonlive.com,18,1422,103692
716,prevention.com,18,102,2258
717,redtube.com,18,493,87044
718,reward4spot.com,18,191,8418
719,roi-rocket.org,18,266,2016
720,searchandshopping.org,18,156,2790
721,searchcactus.com,18,76,378
722,shoppermx.com,18,161,2407
723,surveyvoicesresearch.com,18,76,2971
724,thedirect.com,18,69,4960
725,thredup.com,18,604,23816
726,thriftypig.com,18,882,20996
727,vanguard.com,18,490,15191
728,veritonic.com,18,1079,20748
729,vice.com,18,116,18598
730,zoro.com,18,78,1918
731,alamy.com,17,48,816
732,algolianet.com,17,147,1036
733,ashleyfurniture.com,17,128,12094
734,cloudflarestream.com,17,102,1282
735,datadoghq.com,17,191,2364
736,definition.org,17,130,10580
737,experianidworks.com,17,222,44329
738,facty.com,17,76,9148
739,go2bank.com,17,138,5276
740,hbo.com,17,659,7696
741,hdvideosnet.com,17,482,472
742,hibid.com,17,329,44408
743,ikea.com,17,1222,13052
744,instapage.com,17,66,984
745,mapquestapi.com,17,140,1946
746,mediafire.com,17,131,2928
747,mjt.lu,17,66,990
748,nexxt.com,17,71,892
749,omnisnippet1.com,17,55,856
750,openweathermap.org,17,42,846
751,opinionsite.com,17,531,6625
752,pcapredict.com,17,73,240
753,pennlive.com,17,133,9936
754,powr.io,17,40,794
755,qubed.ai,17,403,12566
756,ratracerebellion.com,17,123,5740
757,researchgate.net,17,65,1937
758,rewardtk.com,17,859,11486
759,sfchronicle.com,17,159,1942
760,shopperapproved.com,17,59,754
761,shopstyle.com,17,78,854
762,soundestlink.com,17,60,834
763,speechkit.io,17,221,1002
764,t-mo.co,17,35,126
765,testgvbgjbhjb.com,17,48,414
766,thepioneerwoman.com,17,76,3960
767,touchstoneresearch.com,17,586,42384
768,udemy.com,17,474,21056
769,ugdturner.com,17,66,290
770,userzoom.com,17,100,2453
771,wallethub.com,17,164,4940
772,zenaps.com,17,30,169
773,zmenu.com,17,47,1612
774,allin1-digitalcontent.net,16,70,1186
775,atlasobscura.com,16,104,7616
776,caseys.com,16,183,7926
777,clearbitscripts.com,16,71,722
778,cookiepro.com,16,61,804
779,dailycaller.com,16,485,21808
780,ed.gov,16,105,2866
781,elle.com,16,88,3534
782,food52.com,16,210,14200
783,foursquare.com,16,137,1594
784,grsm.io,16,118,466
785,hi-epanel.com,16,178,1555
786,hollywoodlife.com,16,206,8412
787,hunker.com,16,40,1138
788,indiewire.com,16,66,3112
789,investigationdiscovery.com,16,350,12626
790,king.com,16,66,3062
791,maryland.gov,16,466,62986
792,masterclass.com,16,91,3878
793,myuhc.com,16,640,10092
794,newspapers.com,16,892,25748
795,noaa.gov,16,370,11484
796,os.tc,16,259,1298
797,pewresearch.org,16,49,1572
798,pisism.com,16,355,9234
799,pluto.tv,16,330,4478
800,progressivedirect.com,16,365,17928
801,pulsz.com,16,861,117980
802,reignn.com,16,405,3192
803,respondi.com,16,122,3509
804,sciencedirect.com,16,86,2764
805,simpleopinions.com,16,63,2454
806,slytoday.com,16,176,5154
807,speedpay.com,16,120,5010
808,study.com,16,53,1700
809,successfactors.com,16,385,45996
810,tdbank.com,16,1137,44340
811,therewardboost.com,16,54,840
812,theupsstore.com,16,60,2302
813,tradingview.com,16,631,9302
814,turnto.com,16,73,918
815,tvtropes.org,16,1040,69306
816,vulture.com,16,46,3554
817,werally.com,16,560,151874
818,whitehouse.gov,16,91,1426
819,abebooks.com,15,215,6260
820,aspiration.com,15,294,10576
821,autoevolution.com,15,56,3062
822,bitchute.com,15,769,16462
823,cbsnewsstatic.com,15,168,1510
824,cigna.com,15,584,18116
825,citrix.com,15,96,1936
826,coralproject.net,15,158,3550
827,coursehero.com,15,575,18200
828,dailybreak.com,15,843,14226
829,discovery.com,15,139,1108
830,disney.com,15,77,1864
831,domesticatedcompanion.com,15,148,5422
832,dominionenergy.com,15,140,2930
833,duolingo.com,15,2392,113150
834,dyson.com,15,108,2060
835,emedicinehealth.com,15,70,2994
836,esearch.com,15,47,1158
837,fanatics.com,15,411,45092
838,find-info.co,15,55,964
839,fnbo.com,15,367,31482
840,fortune.com,15,67,2598
841,g.co,15,64,288
842,getmiles.com,15,57,946
843,gq.com,15,58,2432
844,healthcare.gov,15,342,7940
845,higherincomejobs.com,15,193,4398
846,homescan.com,15,234,9278
847,impactserving.com,15,176,704
848,itsthevibe.com,15,89,6716
849,leadid.com,15,88,2424
850,leafly.com,15,219,9542
851,lendgo.com,15,53,6932
852,liquidus.net,15,156,1246
853,maximiles.com,15,37,547
854,mercurymagazines.com,15,81,3100
855,metrixmatrix.com,15,65,2078
856,mturk.com,15,5746,118061
857,navyfederal.org,15,1394,32236
858,netspend.com,15,361,7310
859,olo.com,15,55,3214
860,oneopinion.com,15,837,13433
861,opentable.com,15,306,11266
862,paylocity.com,15,188,8292
863,pethelpful.com,15,63,2244
864,pressganey.com,15,36,2038
865,purewow.com,15,64,6158
866,q2ebanking.com,15,304,3708
867,refersion.com,15,136,944
868,resourcesify.com,15,124,4682
869,rockauto.com,15,358,9158
870,rocketmortgage.com,15,128,3024
871,secureanalytic.com,15,1194,16068
872,seekingalpha.com,15,729,23628
873,segmanta.com,15,128,2034
874,si.edu,15,350,7228
875,sproutvideo.com,15,362,12584
876,streamoptim.com,15,97,744
877,testnjjhb.com,15,40,1514
878,therecipecritic.com,15,40,786
879,totalwine.com,15,144,6430
880,truconnect.com,15,81,3818
881,twentytwowords.com,15,78,5252
882,vfthr.com,15,167,4878
883,wa.gov,15,440,389342
884,walletgenius.com,15,56,1456
885,wayin.com,15,1220,5424
886,winndixie.com,15,124,2504
887,wirewax.com,15,182,1964
888,aljazeera.com,14,220,3700
889,avant.com,14,223,11380
890,blizzard.com,14,191,1648
891,bugherd.com,14,47,328
892,buzzfeednews.com,14,50,1740
893,campingworld.com,14,436,20334
894,cloudsponge.com,14,52,690
895,consumercellular.com,14,131,5921
896,convio.net,14,86,3158
897,crazygames.com,14,1065,44884
898,demandprogress.org,14,57,454
899,dhl.com,14,140,4312
900,duke-energy.com,14,97,2684
901,dynamics.com,14,60,986
902,ebtedge.com,14,459,7834
903,efeedbacktrk.com,14,356,4492
904,everestengagement.com,14,64,1086
905,everquote.com,14,191,2276
906,evidation.com,14,345,12988
907,express-scripts.com,14,482,22066
908,extremereach.com,14,80,856
909,focusinsite.com,14,180,16882
910,ford.com,14,190,8940
911,frontier.com,14,196,5726
912,getmetrical.com,14,373,5018
913,giftfolio.com,14,98,1502
914,gocardless.com,14,38,394
915,gonift.com,14,68,3212
916,grabpoints.com,14,882,29417
917,gsght.com,14,182,1922
918,hearstmags.com,14,62,1092
919,invoicecloud.com,14,175,3822
920,jstor.org,14,144,2828
921,keurig.com,14,251,7040
922,last.fm,14,352,10526
923,logicdepot.com,14,85,3420
924,loopnet.com,14,75,2284
925,medicareplan.com,14,124,2990
926,medlineplus.gov,14,31,1814
927,mlsend.com,14,44,372
928,mypremiercreditcard.com,14,74,1950
929,nascar.com,14,903,24698
930,nudatasecurity.com,14,84,656
931,overdrive.com,14,557,25748
932,peoplelooker.com,14,54,2966
933,platincasino.com,14,40,1120
934,proquoai.com,14,45,3904
935,quikly.com,14,70,1458
936,rtbrvdirect.com,14,35,46
937,rudderstack.com,14,60,256
938,rule34.xxx,14,5797,125160
939,shopbonsai.ca,14,78,322
940,shopdisney.com,14,326,23220
941,squarespace.com,14,855,43590
942,stat-rock.com,14,76,1680
943,symmetricsampling.com,14,58,1070
944,textnow.com,14,328,9644
945,thechive.com,14,408,77200
946,truebill.com,14,29,346
947,txxx.com,14,119,36812
948,warriorplus.com,14,53,358
949,westernunion.com,14,264,16750
950,wholefoodsmarket.com,14,99,1762
951,yourtexasbenefits.com,14,429,12560
952,ytmp3.cc,14,372,4752
953,zdnet.com,14,98,3630
954,zocdoc.com,14,124,5348
955,aliyuncs.com,13,55,382
956,alphr.com,13,32,1100
957,ap.org,13,69,304
958,appen.com,13,521,12374
959,appfolio.com,13,216,8198
960,asos.com,13,461,31388
961,astarcdn.com,13,44,288
962,asus.com,13,125,3292
963,battle.net,13,1216,33598
964,benefits.gov,13,68,5072
965,calculator.net,13,105,3404
966,cbs.com,13,87,6484
967,cheezburger.com,13,38,3650
968,clinique.com,13,151,3100
969,cmcdn.com,13,101,1856
970,colorado.gov,13,54,1080
971,compassrosesurvey.com,13,127,8290
972,conservativebrief.com,13,358,11856
973,couponcabin.com,13,206,2118
974,crresearch.com,13,17,385
975,dhs.gov,13,209,6724
976,dignitymemorial.com,13,91,3064
977,discogs.com,13,230,5740
978,dish.com,13,128,3446
979,escalated.io,13,45,478
980,etrade.com,13,889,88328
981,faire.com,13,79,2530
982,fixya.com,13,62,4090
983,foodlion.com,13,502,19432
984,gannettdigital.com,13,76,926
985,gizmodo.com,13,87,4940
986,ifixit.com,13,58,1990
987,inboxpays.com,13,1348,23830
988,instructables.com,13,46,2166
989,intelius.com,13,47,1508
990,interceptsurveys.net,13,23,296
991,kidadl.com,13,36,1912
992,lanebryant.com,13,346,18202
993,lawandcrime.com,13,54,4302
994,lego.com,13,198,3688
995,letslinc.com,13,85,360
996,libertymutual.com,13,180,5836
997,littlecdn.com,13,165,2306
998,luckystrike.com,13,264,12848
999,mavrck.co,13,59,1374
1000,mmcdn.com,13,374,14064
